name,latitude,longitude
Liza CNX,18.79666014,98.97133564
Pizza ข่วงสิงห์,18.81618,98.9822
Wash more,18.80506329,98.97797294
ก๋วยเตี๋ยวเจ๊นาย,18.80398943,98.97818712
ก๋องคำ ปตท.แม่ริม,18.9141,98.9491
ข้าวซอยนิมมาน,18.79790172,98.96927524
คุณวันชัย,18.81094553,98.97974885
ซักผ้า 365 Spin,18.84628739,98.97143865
ซักผ้าข้าดำเนินสะดวก,18.791694,98.951944
น้ำใบโพธิ์,18.82603,99.00305
พร้อมมีลาภ,18.84587906,98.97289043
ร้านซักผ้า เรนโบว์,18.80569049,98.99283608
ลอนดอนเบเกอรี่,18.79188852,98.97856385
วัดสวนดอก,18.7882584,98.96779064
Skywashสาขาซอยแจ่มฟ้า,18.78787823,98.95753702
Skywashสาขาดำเนินสะดวก,18.79289827,98.95285752
Skywashสาขาบ้านใหม่หลังมอ,18.79168491,98.95194729
Skywashสาขาศรีภูมิ,18.79586025,98.98980334
ส้มตำโรงปลาแดกสาขาสันติธรรม,18.80044,98.98042
Skywashสาขาหลังแจ่มฟ้า,18.796944,98.944722
Skywashสาขาเจ็ดยอด,18.8099348,98.96721134
ส้มตำโรงปลาแดกสาขาแยกศาลเด็ก,18.8063,99.02213
ส้มตำโรงปลาแดกสาขาโชตนา,18.83535,98.97543
ร่ำรวยสาขาโพธาราม,18.81440609,98.97352045
ฮ็อป อินน์1 ห้วยแก้ว,18.7984102,98.97501216
ฮ็อป อินน์2 ซุปเปอร์ไฮเวย์,18.80833346,99.01252626
แม่เพ็ญริมปิง1,18.80264,99.00306
โตโยต้า ล้านนา เชียงใหม่,18.81930768,98.9816543
โรงแรม ไอบิส สไตล์,18.80617485,98.96008703
โลตัสคำเที่ยง,18.80867,98.99687
เฟย์,18.83594179,98.98063357
โรงแรมแกนด์วิว,18.80475996,98.97054111
ลอนดรี้ บาร์ไทย,18.7950372,98.9888492
กอ.แก๊ส ลงบ้าน,18.805935,98.992916
ก๋วยเตี๋ยวรสเด่น,18.8431096,98.9727728
วอชแอนโก บางจากช้างเผือก,18.8137728,98.9637581
มันนี่หมูกระทะ,18.78896066,98.96555392
นวล เบเกอรี่,18.8347222,99.0048333
 เดอะ เพ็ญบุรี,18.7976928,98.9660266
กาพาโอะ kapao,18.79492,98.96893
ซักผ้าซักกำบ๋อ,18.8046905,98.98788
ไฮจีน,18.7885805, 98.9705170
Bonchon นิ่มซิตี้,18.77259877,98.97808485
Pizza ท่าแพ,18.78672302,98.99298927
Pizza สนามบิน,18.76313,98.97446
คุณนุชนาฏ,18.7022096,98.96567524
ซักผ้า T&P,18.77533882,98.98290549
ต๋องเหนือ,18.7681055,98.98428711
ทาโก้เบลล์ ท่าแพ,18.78651449,98.99298439
บ.ยูไนเต็ด อาร์ท จำกัด,18.72559,98.94796
พันธุ์ทิพย์,18.78186039,98.99981345
ภูธรา,18.77663963,98.98597192
ยูไดราเมง,18.78257125,98.97809816
รร.ลาวาน่า,18.78851558,98.98365465
Skywashสาขาชมจันทร์,18.76271192,98.9795057
ร่ำรวยสาขาดูโอ้มอล,18.74536944,98.97872665
Skywashสาขาปั๊มเอสโซ่,18.7838699,98.99349246
ส้มตำโรงปลาแดกสาขาป่าแดด,18.75406223,98.99305939
ร่ำรวยสาขาวรุณนิเวศน์,18.75090221,98.97479651
Skywashสาขาศรีปิงเมือง,18.77104224,98.98514915
ฮ็อป อินน์3 แอร์พอร์ต,18.77110051,98.97853235
แม่เพ็ญแม่เหี๊ยะ,18.74744,98.94998
โรงแรม แมริออท เชียงใหม่,18.78419271,98.99968904
โรงแรมมีเลีย เชียงใหม่,18.78532824,99.00286609
โรงแรมล้านนาท่าแพ,18.78639856,98.99397507
โรงแรมแกรนชัยพฤกษ์,18.77937094,98.96846881
โลตัสหางดง,18.75883,98.97241
Burger หางดง (สนามบิน),18.76328,98.97426
Burger ท่าแพ,18.78801096,98.99309339
Pizza หางดง,18.69379,98.92653
โตโยต้าล้านนา สาขาลำพูน,18.56975,99.04378
โรงพยาบาล พริ้นซ์ ลำพูน,18.56304155,99.0359888
โรงแรมปิงปุระ,18.7137272,98.9850247
มีอันจะกิน,18.7619884,99.0016151
ร่ำรวยสาขาหลังยุพราช,18.791827,98.990039
ร่ำรวยสาขาศรีอนันต์คอนโด,18.8116713,99.01268416
Burger แม่ริม,18.92154418,98.9400592
Pizza เมต้ามอล,18.82240991,99.04253304
Pizza แม่ริม,18.89332096,99.01000762
Pizza แม่โจ้,18.92211775,98.93995728
ก๋องคำแม่โจ้,18.9141,98.9491
ขนมปังข้างก๋องคำแม่โจ้,18.9141,98.9491
คุณอัครนิตย์ (น้องแนท),18.88333469,99.03366665
ซัมมิทกรีนวัลเล่ย์,18.907634,98.95836521
ทวี,18.87914154,99.10722223
ธงฟ้า,18.81233424,99.1347212
น้องฝ้าย,18.73890319,99.01466714
บัวบุรี,18.79745492,99.10309861
ผึ้งบอย,18.80678156,99.11667646
พรชัย,18.85519747,99.08977623
มนตรี,18.81128707,99.12056882
วอชเอนนิ่ง ปตท.ท่ารั้ว,18.79571414,99.0676473
ศรีสง่า,18.80900226,99.1415275
สาคร,18.87594681,99.09663715
สุขใจ,18.934611,98.823333
สุวิทย์,18.893283,98.83547
หลักปัน,18.83228341,99.05505678
เก็บเช็คซัพพลาย,18.81110919,99.05645719
แม่จ้อง,18.81233423,99.13472233
โฮมโปร สันทราย,18.835027,99.03725825
Pizza รวมโชค,18.82520953,99.01183012
เมืองเหนือแก๊ส,18.82615405,99.01194003
โดมิโน่ รวมโชค,18.82489929,99.01085924
โลตัสรวมโชค,18.82418034,99.01393573
วอชแอนโก กาดฝรั่งแม่ริม,18.9023178,98.9497042
โฮมโปร เชียงใหม่ รวมโชค,18.8250892,99.0127212
ซักผ้าข้างเซเว่นแม่โจ้,18.8963585,99.0068486
Washmore สาขา ม.พายัพ,18.7901739,99.027421
บ้านต้นจันทร์,18.8486161,99.025995
Burger มงฟอร์ต,18.76286,99.0231
Pizza บ่อสร้าง,18.7659443,99.077912
VJ สันกำแพง,18.74486183,99.12041718
ครัวไทยสไปซี่,18.78796,99.04005
คลังเชียงใหม่ DKSH,18.732007,99.03674055
จ๊อแก๊ส,18.78884164,99.02434992
ต. ดริ้งค์,18.78175627,99.05063886
น้องดิว,18.76539066,99.01447863
บ. ทีแกลเลอรี่,18.77538,99.0355
บ. อเมซิ่งที,18.77542,99.03556
ปูนแดง,18.75254,99.05279
ยูไดปิ้งย่าง,18.78960966,99.02345623
รพ.กรุงเทพ Black canyon,18.78915347,99.02556114
ลุงฉัตร,18.77624978,98.99452823
สงวน,18.78261254,99.03324856
สมาน,18.75841567,99.0009151
สันป่าข่อย,18.78708955,99.00857125
เจริญผล,18.78237523,99.03305483
เจริญพร,18.78856176,98.95510418
เชียงแสน,18.7510561,98.9706946
โรงแรม เอเชีย,18.76052463,99.01614305
Pizza 89 พลาซ่า,18.75165647,99.00925559
แม่เพ็ญริมปิง2,18.76827,99.00163
Skywashสาขาแม่และเด็ก,18.77227274,98.99324837
ฮ็อป อินน์4 ช้างคลาน,18.77359519,98.99795788
Skywashสาขาช้างคลาน,18.7716726,98.99858809
ตำลำยำแซ่บ,18.79323445,99.00874047
I love shushi,18.79554469,99.00831369
เมก้าโฮม,18.7756595,99.027007
River chic bar,18.7806982,99.0060393
ลัดดา,18.75841567,99.0009151
ซุปแอนด์เส้น,18.78237523,99.03305483
อัมพร,18.785126,99.012623
ขนมจีนสันป่าข่า,18.746507,99.071545
โชติกา,18.759855,99.011827